{
    "type": "FeatureCollection",
    "features": [
        {
            "type": "Feature",
            "properties": [],
            "geometry": {
                "type": "LineString",
                "coordinates": [
                    [
                        7.352517,
                        52.054196
                    ],
                    [
                        7.352517,
                        52.054196
                    ],
                    [
                        7.686827,
                        52.078673
                    ],
                    [
                        7.686827,
                        52.078673
                    ],
                    [
                        7.572187,
                        52.100607
                    ],
                    [
                        7.572187,
                        52.100607
                    ],
                    [
                        7.450682,
                        52.031817
                    ],
                    [
                        7.450682,
                        52.031817
                    ]
                ]
            }
        },
        {
            "type": "Feature",
            "properties": [],
            "geometry": {
                "type": "LineString",
                "coordinates": [
                    [
                        7.268769,
                        52.036462
                    ],
                    [
                        7.268769,
                        52.036462
                    ],
                    [
                        7.300346,
                        52.090907
                    ],
                    [
                        7.300346,
                        52.090907
                    ],
                    [
                        7.174036,
                        52.046174
                    ],
                    [
                        7.174036,
                        52.046174
                    ]
                ]
            }
        },
        {
            "type": "Feature",
            "properties": [],
            "geometry": {
                "type": "LineString",
                "coordinates": [
                    [
                        7.70948,
                        52.074032
                    ],
                    [
                        7.70948,
                        52.074032
                    ],
                    [
                        7.885902,
                        52.092172
                    ],
                    [
                        7.885902,
                        52.092172
                    ],
                    [
                        7.951803,
                        52.030972
                    ],
                    [
                        7.951803,
                        52.030972
                    ],
                    [
                        7.84746,
                        52.026749
                    ],
                    [
                        7.84746,
                        52.026749
                    ]
                ]
            }
        },
        {
            "type": "Feature",
            "properties": [],
            "geometry": {
                "type": "LineString",
                "coordinates": [
                    [
                        7.997796,
                        52.085845
                    ],
                    [
                        7.997796,
                        52.085845
                    ],
                    [
                        8.07674,
                        52.017877
                    ],
                    [
                        8.07674,
                        52.017877
                    ],
                    [
                        8.01839,
                        52.007314
                    ],
                    [
                        8.01839,
                        52.007314
                    ]
                ]
            }
        },
        {
            "type": "Feature",
            "properties": [],
            "geometry": {
                "type": "LineString",
                "coordinates": [
                    [
                        7.378603,
                        52.092594
                    ],
                    [
                        7.378603,
                        52.092594
                    ],
                    [
                        7.478827,
                        52.103558
                    ],
                    [
                        7.478827,
                        52.103558
                    ]
                ]
            }
        }
    ]
}