{
    "type": "FeatureCollection",
    "features": [
        {
            "type": "Feature",
            "properties": [],
            "geometry": {
                "type": "Polygon",
                "coordinates": [
                    [
                        [
                            7.179528,
                            51.951922
                        ],
                        [
                            7.179528,
                            51.972226
                        ],
                        [
                            7.460293,
                            51.972226
                        ],
                        [
                            7.460293,
                            51.951922
                        ],
                        [
                            7.179528,
                            51.951922
                        ]
                    ]
                ]
            }
        },
        {
            "type": "Feature",
            "properties": [],
            "geometry": {
                "type": "Polygon",
                "coordinates": [
                    [
                        [
                            7.792542,
                            51.951076
                        ],
                        [
                            7.792542,
                            51.951076
                        ],
                        [
                            7.955922,
                            51.963767
                        ],
                        [
                            7.955922,
                            51.963767
                        ],
                        [
                            8.102825,
                            51.940497
                        ],
                        [
                            8.102825,
                            51.940497
                        ],
                        [
                            8.027314,
                            51.903239
                        ],
                        [
                            8.027314,
                            51.903239
                        ],
                        [
                            7.823433,
                            51.924412
                        ],
                        [
                            7.823433,
                            51.924412
                        ],
                        [
                            7.823433,
                            51.924412
                        ],
                        [
                            7.790218,
                            51.950633
                        ],
                        [
                            7.792542,
                            51.951076
                        ]
                    ]
                ]
            }
        },
        {
            "type": "Feature",
            "properties": [],
            "geometry": {
                "type": "Polygon",
                "coordinates": [
                    [
                        [
                            7.488785,
                            51.788657
                        ],
                        [
                            7.488785,
                            51.811869
                        ],
                        [
                            7.826614,
                            51.811869
                        ],
                        [
                            7.826614,
                            51.788657
                        ],
                        [
                            7.488785,
                            51.788657
                        ]
                    ]
                ]
            }
        }
    ]
}